<?xml version="1.0" encoding="UTF-8"?>
<metadata xmlns="http://www.demandware.com/xml/impex/metadata/2006-10-31">
    <custom-type type-id="PriosNewsLetterSubscription">
        <display-name xml:lang="x-default">PriosNewsLetterSubscription</display-name>
        <staging-mode>source-to-target</staging-mode>
        <storage-scope>organization</storage-scope>
        <key-definition attribute-id="c_UserEmail">
            <display-name xml:lang="x-default">User Email</display-name>
            <type>string</type>
            <min-length>10</min-length>
        </key-definition>
        <group-definitions>
            <attribute-group group-id="Prios">
                <display-name xml:lang="x-default">Prios</display-name>
                <attribute attribute-id="c_UserEmail"/>
            </attribute-group>
        </group-definitions>
    </custom-type>
 </metadata>
