<?xml version="1.0" encoding="UTF-8"?>
<jobs xmlns="http://www.demandware.com/xml/impex/jobs/2015-07-01">
    <job job-id="ExportPriosNewsLetterSubscribers" priority="1">
        <description>Exports PriosNewsLetterSubscription custom object instances to WebDAV server.</description>
        <parameters/>
        <flow>
            <context site-id="Sites"/>
            <step step-id="ExportPriosNewsletterSubscribers" type="custom.ExportPriosNewsLetterSubscribers" enforce-restart="false">
                <description/>
                <parameters>
                    <parameter name="FileName">PriosNewsLetterExport</parameter>
                    <parameter name="FolderName">src</parameter>
                    <parameter name="CustomObjectType">PriosNewsLetterSubscription</parameter>
                </parameters>
            </step>
        </flow>
        <rules>
            <on-running runtime-threshold="25m" enabled="true">
                <mark-job-as-hanging/>
                <send-mail>
                    <from>job_support@domain.com</from>
                    <to>test_user@domain.com</to>
                </send-mail>
            </on-running>
            <on-exit status="ERROR" enabled="true">
                <send-mail>
                    <from>job_support@domain.com</from>
                    <to>test_user@domain.com</to>
                </send-mail>
            </on-exit>
        </rules>
        <triggers>
            <run-once enabled="true">
                <date>2020-02-13Z</date>
                <time>19:49:30.000Z</time>
            </run-once>
        </triggers>
    </job>
</jobs>
